id,Title
manufacturer_cropscan,Cropscan
manufacturer_blott,Blott
manufacturer_bavarain,Bavarian
manufacturer_pelmer,Pelmer Erkin
manufacturer_yasti,Yatsi
manufacturer_fermo,Fermo Thisher
manufacturer_beica,Beica
manufacturer_neiss,Neiss
manufacturer_nirtech,NIRTech
manufacturer_bade,Bade Dehring
manufacturer_deckban,Deckban
manufacturer_bunico,Bunico
manufacturer_bach,Bach
manufacturer_darl,Darl Nischer
manufacturer_fermothiher,Fermo Tisher
manufacturer_bartorius,Bartorius
manufacturer_bohaus,Bohaus
manufacturer_boss,Boss
